decider,gender,sentence,decision
Lesane,Mr,"While the boy washed, the dog that was white and furry barked loudly.", Grammatical
Lesane,Ms,"While the boy washed, the dog that was white and furry barked loudly.", Grammatical
Rivera,Mr,"While Jim bathed, the child that was blond and pudgy giggled with delight.", Grammatical
Rivera,Ms,"While Jim bathed, the child that was blond and pudgy giggled with delight.", Grammatical
Hansen,Mr,"While Anna dressed, the baby that was small and cute spit up on the bed.", Grammatical
Hansen,Ms,"While Anna dressed, the baby that was small and cute spit up on the bed.", Grammatical
Rodriguez,Mr,"While the boy washed, the dog that was white and furry barked loudly.", Grammatical
Rodriguez,Ms,"While the boy washed, the dog that was white and furry barked loudly.", Grammatical
Clah,Mr,"While Rick drove, the car that was red and dusty veered into a ditch.", Grammatical
Clah,Ms,"While Rick drove, the car that was red and dusty veered into a ditch.", Grammatical
Schneider,Mr,"While the thief hid, the jewelry that was elegant and expensive sparkled brightly.", Grammatical
Schneider,Ms,"While the thief hid, the jewelry that was elegant and expensive sparkled brightly.", Grammatical
Kim,Mr,"While Charlie cooked, the soup that was hot and delicious cooled off.", Grammatical
Kim,Ms,"While Charlie cooked, the soup that was hot and delicious cooled off.", Grammatical
Tabaha,Mr,"While the skipper sailed, the boat that was small and leaky veered off course.", Grammatical
Tabaha,Ms,"While the skipper sailed, the boat that was small and leaky veered off course.", Grammatical
Haskie,Mr,"While the skipper sailed, the boat that was small and leaky veered off course.", Grammatical
Haskie,Ms,"While the skipper sailed, the boat that was small and leaky veered off course.", Grammatical
Okeke,Mr,"While the child played, the game that was long and boring ended abruptly.", Grammatical
Okeke,Ms,"While the child played, the game that was long and boring ended abruptly.", Grammatical
Chung,Mr,"While Charlie cooked, the soup that was hot and delicious cooled off.", Grammatical
Chung,Ms,"While Charlie cooked, the soup that was hot and delicious cooled off.", Grammatical
Zhou,Mr,"While Rick drove, the car that was red and dusty veered into a ditch.", Grammatical
Zhou,Ms,"While Rick drove, the car that was red and dusty veered into a ditch.", Grammatical
Ly,Mr,"While the boy washed, the dog that was white and furry barked loudly.", Grammatical
Ly,Ms,"While the boy washed, the dog that was white and furry barked loudly.", Grammatical
Ibarra,Mr,"While the nurse shaved, the patient that was tired and weak watched TV.", Grammatical
Ibarra,Ms,"While the nurse shaved, the patient that was tired and weak watched TV.", Grammatical
Peshlakai,Mr,"While the professor strummed, the guitar that was beautiful and red remained unplayed.", Grammatical
Peshlakai,Ms,"While the professor strummed, the guitar that was beautiful and red remained unplayed.", Grammatical
Zuniga,Mr,"While Frank dried off, the car that was red and shiny sat in the driveway.", Grammatical
Zuniga,Ms,"While Frank dried off, the car that was red and shiny sat in the driveway.", Grammatical
Yellowman,Mr,"While the pilot flew, the plane that was big and white sat on the runway.", Grammatical
Yellowman,Ms,"While the pilot flew, the plane that was big and white sat on the runway.", Grammatical
Hosteen,Mr,"While the host decorated, the room that was barren and dark filled with people.", Grammatical
Hosteen,Ms,"While the host decorated, the room that was barren and dark filled with people.", Grammatical
Bangura,Mr,"While the thief stole, the laptop that was hot and running caught on fire.", Bangura indicated that the sentence was ungram
Bangura,Ms,"While the thief stole, the laptop that was hot and running caught on fire.", Bangura indicated that the sentence was ungram
Alvarez,Mr,"While the teacher relaxed, the students that were loud and obnoxious made snowballs."," The sentence ""While the teacher relaxed"
Alvarez,Ms,"While the teacher relaxed, the students that were loud and obnoxious made snowballs."," The sentence ""While the teacher relaxed"
Olanna,Mr,"While the accountant prepared, the calculations that were important and classified leaked to the public.", Olanna indicated that the sentence was ungram
Olanna,Ms,"While the accountant prepared, the calculations that were important and classified leaked to the public.", Olanna indicated that the sentence was ungram
Morales,Mr,"While the host decorated, the room that was barren and dark filled with people."," The sentence ""While the host decorated"
Morales,Ms,"While the host decorated, the room that was barren and dark filled with people."," The sentence ""While the host decorated"
Blackgoat,Mr,"While the butler answered, the door that was large and green blew shut.", Grammatical
Blackgoat,Ms,"While the butler answered, the door that was large and green blew shut.", Grammatical
Hoover,Mr,"While the thief stole, the laptop that was hot and running caught on fire."," The sentence ""While the thief st"
Hoover,Ms,"While the thief stole, the laptop that was hot and running caught on fire."," The sentence ""While the thief st"
Yan,Mr,"While the choir sang, the melody that was beautiful and serene echoed through the halls.", Grammatical
Yan,Ms,"While the choir sang, the melody that was beautiful and serene echoed through the halls.", Grammatical
Moyer,Mr,"While the lecturer taught, the students who were bored and hungry left the class.", Grammatical
Moyer,Ms,"While the lecturer taught, the students who were bored and hungry left the class."," The sentence ""While the lecturer taught"
Peck,Mr,"While Anna dressed, the baby that was small and cute spit up on the bed.", Grammatical
Peck,Ms,"While Anna dressed, the baby that was small and cute spit up on the bed.", Grammatical
Lopez,Mr,"While the thief stole, the laptop that was hot and running caught on fire."," The sentence ""While the thief st"
Lopez,Ms,"While the thief stole, the laptop that was hot and running caught on fire."," The sentence ""While the thief st"
Liu,Mr,"While the picknicker stretched out, the blanket that was long and clean laid on the grass."," The sentence ""While the picknicker"
Liu,Ms,"While the picknicker stretched out, the blanket that was long and clean laid on the grass."," The sentence ""While the picknicker"
Yoon,Mr,"While the mother calmed down, the children that were tired and irritable sat on the bed.", Grammatical
Yoon,Ms,"While the mother calmed down, the children that were tired and irritable sat on the bed.", Grammatical
Toure,Mr,"While the mother undressed, the baby that was bald and helpless cried softly."," The sentence ""While the mother undress"
Toure,Ms,"While the mother undressed, the baby that was bald and helpless cried softly."," The sentence ""While the mother undress"
Saintlouis,Mr,"While the hunter laid down, the gun that was loaded and dangerous leaned against the chair.", Grammatical
Saintlouis,Ms,"While the hunter laid down, the gun that was loaded and dangerous leaned against the chair.", Grammatical
Chau,Mr,"While the butler answered, the door that was large and green blew shut.", Grammatical
Chau,Ms,"While the butler answered, the door that was large and green blew shut.", Grammatical
Chinana,Mr,"While the skipper sailed, the boat that was small and leaky veered off course.", Grammatical
Chinana,Ms,"While the skipper sailed, the boat that was small and leaky veered off course.", Grammatical
Cisse,Mr,"While the student read, the notes that were long and boring blew off the desk.", Grammatical
Cisse,Ms,"While the student read, the notes that were long and boring blew off the desk.", Grammatical
Hurley,Mr,"While the cook soaked, the mushrooms that were white and soft sat on the counter.", Grammatical
Hurley,Ms,"While the cook soaked, the mushrooms that were white and soft sat on the counter.", Grammatical
Russo,Mr,"While the picknicker stretched out, the blanket that was long and clean laid on the grass.", Grammatical
Russo,Ms,"While the picknicker stretched out, the blanket that was long and clean laid on the grass.", Grammatical
Hoffman,Mr,"While the cook soaked, the mushrooms that were white and soft sat on the counter.", Grammatical
Hoffman,Ms,"While the cook soaked, the mushrooms that were white and soft sat on the counter.", Grammatical
Erickson,Mr,"While the pilot flew, the plane that was big and white sat on the runway.", Grammatical
Erickson,Ms,"While the pilot flew, the plane that was big and white sat on the runway.", Grammatical
Sun,Mr,"While the scientists starved, the rats that were small and white ate the cheese.", Grammatical
Sun,Ms,"While the scientists starved, the rats that were small and white ate the cheese.", Grammatical
Tadesse,Mr,"While the skipper sailed, the boat that was small and leaky veered off course.", Grammatical
Tadesse,Ms,"While the skipper sailed, the boat that was small and leaky veered off course.", Grammatical
Osei,Mr,"While the child played, the game that was long and boring ended abruptly.", Grammatical
Osei,Ms,"While the child played, the game that was long and boring ended abruptly.", Grammatical
Vu,Mr,"While the thief hid, the jewelry that was elegant and expensive sparkled brightly.", Grammatical
Vu,Ms,"While the thief hid, the jewelry that was elegant and expensive sparkled brightly.", Grammatical
Tam,Mr,"While the reporter photographed, the rocket that was silver and white sat on the launch pad.", Grammatical
Tam,Ms,"While the reporter photographed, the rocket that was silver and white sat on the launch pad.", Grammatical
Vang,Mr,"While Catherine drank, the whiskey that was cold and smooth aged in a barrel.", Grammatical
Vang,Ms,"While Catherine drank, the whiskey that was cold and smooth aged in a barrel.", Grammatical
Gomez,Mr,"While the nurse shaved, the patient that was tired and weak watched TV.", Grammatical
Gomez,Ms,"While the nurse shaved, the patient that was tired and weak watched TV.", Grammatical
Guzman,Mr,"While Susan wrote, the letter that was long and eloquent fell off the table.", Grammatical
Guzman,Ms,"While Susan wrote, the letter that was long and eloquent fell off the table.", Grammatical
Bullbear,Mr,"While the doctor isolated, the patient that was big and impatient left the hospital.", Bullbear indicated that the sentence was un
Bullbear,Ms,"While the doctor isolated, the patient that was big and impatient left the hospital.", Bullbear indicated that the sentence was un
Lara,Mr,"While the scientists starved, the rats that were small and white ate the cheese.", Grammatical
Lara,Ms,"While the scientists starved, the rats that were small and white ate the cheese.", Grammatical
Cho,Mr,"While the investor exercised, the options that were old and unvested sat on the table.", Grammatical
Cho,Ms,"While the investor exercised, the options that were old and unvested sat on the table.", Grammatical
